Workbook
Name WorkbookTitle: Inputs!$B$6
Name LineCode: Inputs!$B$7
Name TriangleType: Inputs!$B$8
Name LossBasis: Inputs!$B$9
Name FirstAY: Inputs!$B$10
Name DevInterval: Inputs!$B$11
Name EvalDate: Inputs!$B$12
Name Units: Inputs!$B$13
Name Tolerance: Inputs!$B$14
Name MasterCheck: Checks!$E$15

Sheet Cover
A1: Kettlerock Mutual Insurance Company
A2: ="Workbook: "&WorkbookTitle
A3: Structure-only template. Copy to submissions/<exercise_id>/ and rename before use.
A5: Purpose | B5: Loss development triangle: data staging, triangle, age-to-age factors, selections, ultimates.
A7: Master check | B7: =MasterCheck
A9: Version block
A10: Version | B10: Date | C10: Author | D10: Description of change | E10: Reviewer
A17: Sheet map
A18: Sheet | B18: Purpose
A19: Inputs | B19: Line, triangle type, accident-year range, evaluation date, units, tolerance
A20: Data | B20: Long-format source data (accident year × age × value) as table tblTriangleData
A21: Triangle | B21: Cumulative triangle: accident years down, development age across
A22: ATA | B22: Age-to-age factors, averages, selections, tail, CDFs
A23: Ultimates | B23: Projection to ultimate by accident year
A24: Checks | B24: Reconciliations rolled up to the master check
A26: Color legend
A27: Hard-coded input | B27: Hard-coded input (blue on yellow)
A28: Formula | B28: Formula (black)
A29: Link to another sheet | B29: Link to another sheet (green)
A30: Calculation area to be built | B30: Calculation area to be built (grey)
A32: Conventions: excel/README.md

Sheet Inputs
A1: Kettlerock Mutual Insurance Company
A2: Inputs and assumptions
A3: Every assumption appears once, with its source. Blue cells are inputs.
A5: Item | B5: Value | C5: Source / date | D5: Note
A6: Workbook title | D6: e.g., GL paid loss development
A7: Line of business | D7: CA, GL, CP or WC
A8: Triangle type
A9: Loss basis
A10: First accident year | D10: Oldest accident year in the triangle
A11: Development interval (months) | B11: 12 | D11: 12 for annual development
A12: Evaluation date
A13: Units
A14: Check tolerance | B14: 1 | D14: Largest acceptable absolute difference in a check
A15: Source of data | D15: Query, notebook or file that produced the Data sheet
A16: Sign convention | D16: Default: losses positive; recoveries reduce losses

Sheet Data
A1: Kettlerock Mutual Insurance Company
A2: Source data
A3: Paste or link source values here unchanged (long format). Pasted values are inputs.
A5: accident_year | B5: development_age_months | C5: value | D5: source_note

Sheet Triangle
A1: Kettlerock Mutual Insurance Company
A2: ="Cumulative triangle — "&LineCode&" "&TriangleType&" ("&Units&")"
A3: Rows: accident year. Columns: development age in months. Build the cells from tblTriangleData.
A5: Accident year | B5: =DevInterval*1 | C5: =DevInterval*2 | D5: =DevInterval*3 | E5: =DevInterval*4 | F5: =DevInterval*5 | G5: =DevInterval*6 | H5: =DevInterval*7 | I5: =DevInterval*8 | J5: =DevInterval*9 | K5: =DevInterval*10
A6: =FirstAY
A7: =A6+1
A8: =A7+1
A9: =A8+1
A10: =A9+1
A11: =A10+1
A12: =A11+1
A13: =A12+1
A14: =A13+1
A15: =A14+1
A17: Latest diagonal total

Sheet ATA
A1: Kettlerock Mutual Insurance Company
A2: ="Age-to-age factors — "&LineCode&" "&TriangleType
A3: Factors, averages and selections. Document the rationale for every selection.
A5: Accident year | B5: =Triangle!B5&"-"&Triangle!C5 | C5: =Triangle!C5&"-"&Triangle!D5 | D5: =Triangle!D5&"-"&Triangle!E5 | E5: =Triangle!E5&"-"&Triangle!F5 | F5: =Triangle!F5&"-"&Triangle!G5 | G5: =Triangle!G5&"-"&Triangle!H5 | H5: =Triangle!H5&"-"&Triangle!I5 | I5: =Triangle!I5&"-"&Triangle!J5 | J5: =Triangle!J5&"-"&Triangle!K5 | K5: Tail
A6: =Triangle!A6
A7: =Triangle!A7
A8: =Triangle!A8
A9: =Triangle!A9
A10: =Triangle!A10
A11: =Triangle!A11
A12: =Triangle!A12
A13: =Triangle!A13
A14: =Triangle!A14
A16: Averages
A17: Simple average — all years
A18: Simple average — latest 3
A19: Volume-weighted — all years
A20: Volume-weighted — latest 3
A21: Volume-weighted — latest 5
A22: Average excluding high and low
A23: Prior selection
A25: Selected factor
A26: Cumulative development factor (CDF)
A27: Percent developed (1 / CDF)
A28: Selection rationale
A29: Selected factors and the tail are judgmental inputs (blue). Footnote the basis of each.

Sheet Ultimates
A1: Kettlerock Mutual Insurance Company
A2: ="Projection to ultimate — "&LineCode&" "&TriangleType&" ("&Units&")"
A3: Column derivations go in the header row, e.g., (4) = (2) × (3).
A5: Accident year | B5: (1) Age (months) | C5: (2) To date | D5: (3) CDF to ultimate | E5: (4) Ultimate | F5: (5) Unreported / IBNR | G5: Notes
A6: =Triangle!A6
A7: =Triangle!A7
A8: =Triangle!A8
A9: =Triangle!A9
A10: =Triangle!A10
A11: =Triangle!A11
A12: =Triangle!A12
A13: =Triangle!A13
A14: =Triangle!A14
A15: =Triangle!A15
A16: Total

Sheet Checks
A1: Kettlerock Mutual Insurance Company
A2: Checks and reconciliations
A3: Each Difference cell holds a formula that should equal zero. Status turns red if |difference| > Tolerance.
A5: # | B5: Check description | C5: Difference | D5: Tolerance | E5: Status
A6: 1 | B6: Sum of tblTriangleData values at latest age by AY minus control total from source | D6: =Tolerance | E6: =IF(C6="","n/a",IF(ABS(C6)<=D6,"OK","CHECK"))
A7: 2 | B7: Triangle latest diagonal total minus Data control total | D7: =Tolerance | E7: =IF(C7="","n/a",IF(ABS(C7)<=D7,"OK","CHECK"))
A8: 3 | B8: Ultimates (2) To date total minus Triangle latest diagonal total | D8: =Tolerance | E8: =IF(C8="","n/a",IF(ABS(C8)<=D8,"OK","CHECK"))
A9: 4 | D9: =Tolerance | E9: =IF(C9="","n/a",IF(ABS(C9)<=D9,"OK","CHECK"))
A10: 5 | D10: =Tolerance | E10: =IF(C10="","n/a",IF(ABS(C10)<=D10,"OK","CHECK"))
A11: 6 | D11: =Tolerance | E11: =IF(C11="","n/a",IF(ABS(C11)<=D11,"OK","CHECK"))
A12: 7 | D12: =Tolerance | E12: =IF(C12="","n/a",IF(ABS(C12)<=D12,"OK","CHECK"))
A13: 8 | D13: =Tolerance | E13: =IF(C13="","n/a",IF(ABS(C13)<=D13,"OK","CHECK"))
B15: Master check (all checks OK or not yet built) | E15: =IF(COUNTIF(E6:E13,"CHECK")=0,"OK","CHECK")
B17: A Difference left blank shows n/a. Build every check before submitting.
